{"Type":"OrderUpdate","Id":"6f77b3ea-81b7-4459-82f5-3a3cf7b0e298",
"Data":{"OpenedOrders":
[{"Ticket":338837680,"Profit":289.1413,"Swap":0.0,"Commission":0.0,"ClosePrice":1.4431,"CloseTime":"0001-01-01T00:00:00","CloseLots":0.0,"CloseComment":null,"OpenPrice":1.44708,"OpenTime":"2023-06-16T12:14:05.603","Lots":0.96,"ContractSize":100000.0,"ExpertId":0,"PlacedType":"Web","OrderType":"Sell","DealType":"DealSell","Symbol":"EURCAD","Comment":"","State":"Filled","StopLoss":0.0,"TakeProfit":1.42876,"RequestId":0,"Digits":5,"ProfitRate":0.7572774361615121,"StopLimitPrice":0.0,"DealInternalIn":
{"TicketNumber":338837680,"Id":"","Login":9704263,"HistoryTime":133313804489725150,"OrderTicket":0,"OpenTime":1686917645,"Symbol":"EURCAD","Type":"DealSell","Direction":"In","OpenPrice":1.44708,"Price":1.44505,"StopLoss":0.0,"TakeProfit":1.42876,"Volume":96000000,"Profit":147.58,"ProfitRate":0.7572774361615121,"VolumeRate":1.09439,"Commission":0.0,"Swap":0.0,"ExpertId":0,"PositionTicket":338837680,"Comment":"","ContractSize":100000.0,"Digits":5,"MoneyDigits":2,
"FreeProfit":0.0,"TrailRounder":0.0,"OpenTimeMs":1686917645603,"PlacedType":"Web","OpenTimeAsDateTime":"2023-06-16T12:14:05","Lots":0.96},"DealInternalOut":null,"OrderInternal":null,"CloseVolume":0,"Volume":96000000,"ExpirationType":"GTC","ExpirationTime":"0001-01-01T00:00:00","FillPolicy":"FillOrKill"}],"Update":
{"Trans":{"UpdateId":3782653,"Action":0,"TicketNumber":31244190572937316,"Currency":"\\Standard\\USD\\main","Id":0,"s58":"Buy","OrderState":"Started","ExpirationType":"GTC","ExpirationTime":0,"OpenPrice":0.0,"OrderPrice":0.0,"StopLoss":0.0,"TakeProfit":0.0,"Volume":0},"OrderInternal":null,"Deal":{"TicketNumber":294473099,"Id":"","Login":9704263,"HistoryTime":133318256011810158,"OrderTicket":340723694,"OpenTime":1687362801,"Symbol":"EURCAD","Type":"DealSell","Direction":"Out","OpenPrice":1.44291,"Price":1.44255,"StopLoss":0.0,"TakeProfit":0.0,"Volume":96000000,"Profit":26.15,"ProfitRate":0.7567559386422286,"VolumeRate":1.09208,"Commission":0.0,"Swap":0.0,"ExpertId":0,"PositionTicket":340719267,"Comment":"","ContractSize":100000.0,"D
igits":5,"MoneyDigits":2,"FreeProfit":34.56,"TrailRounder":0.0,"OpenTimeMs":1687362801181,"PlacedType":"Web","OpenTimeAsDateTime":"2023-06-21T15:53:21","Lots":0.96},"OppositeDeal":{"TicketNumber":340719267,"Id":"","Login":9704263,"HistoryTime":133318252084605619,"OrderTicket":0,"OpenTime":0,"Symbol":"EURCAD","Type":"DealBuy","Direction":"In","OpenPrice":0.0,"Price":0.0,"StopLoss":0.0,"TakeProfit":0.0,"Volume":0,"Profit":0.0,"ProfitRate":0.7568418503269557,"VolumeRate":0.0,"Commission":0.0,"Swap":0.0,"ExpertId":0,"PositionTicket":0,"Comment":"","ContractSize":0.0,"Digits":5,"MoneyDigits":2,"FreeProfit":0.0,"TrailRounder":0.0,"OpenTimeMs":0,"PlacedType":"Web","OpenTimeAsDateTime":"1970-01-01T00:00:00","Lots":0.0},"Order":{"Ticket":340719267,"Profit":26.15,"Swap":0.0,"Commission":0.0,"ClosePrice":1.44291,"CloseTime":"2023-06-21T15:53:21.181","CloseLots":0.96,"CloseComment":null,"OpenPrice":1.44255,"OpenTime":"2023-06-21T15:46:48.46","Lots":0.0,"ContractSize":100000.0,"ExpertId":0,"PlacedType":"Web","OrderType":"Buy","DealType":"DealBuy","Symbo
l":"EURCAD","Comment":"","State":"Filled","StopLoss":0.0,"TakeProfit":0.0,"RequestId":6001,"Digits":5,"ProfitRate":0.7567559386422286,"StopLimitPrice":0.0,"DealInternalIn":{"TicketNumber":294468780,"Id":"","Login":9704263,"HistoryTime":133318252084605619,"OrderTicket":340719267,"OpenTime":1687362408,"Symbol":"EURCAD","Type":"DealBuy","Direction":"In","OpenPrice":1.44255,"Price":0.0,"StopLoss":0.0,"TakeProfit":0.0,"Volume":96000000,"Profit":0.0,"ProfitRate":0.7569392404871661,"VolumeRate":1.09188,"Commission":0.0,"Swap":0.0,"ExpertId":0,"PositionTicket":340719267,"Comment":"","ContractSize":100000.0,"Digits":5,"MoneyDigits":2,"FreeProfit":0.0,"TrailRounder":0.0,"OpenTimeMs":1687362408460,"PlacedType":"Web","OpenTimeAsDateTime":"2023-06-21T15:46:48","Lots":0.96},"DealInternalOut":{"TicketNumber":294473099,"Id":"","Login":9704263,"HistoryTime":133318256011810158,"OrderTicket":340723694,"OpenTime":1687362801,"Symbol":"EURCAD","Type":"DealSell","Direction":"Out","OpenPrice":1.44291,"Price":1.44255,"StopLoss":0.0,"TakeProfit":0.0,"Volume":9600000
0,"Profit":26.15,"ProfitRate":0.7567559386422286,"VolumeRate":1.09208,"Commission":0.0,"Swap":0.0,"ExpertId":0,"PositionTicket":340719267,"Comment":"","ContractSize":100000.0,"Digits":5,"MoneyDigits":2,"FreeProfit":34.56,"TrailRounder":0.0,"OpenTimeMs":1687362801181,"PlacedType":"Web","OpenTimeAsDateTime":"2023-06-21T15:53:21","Lots":0.96},"OrderInternal":null,"CloseVolume":96000000,"Volume":0,"ExpirationType":"GTC","ExpirationTime":"0001-01-01T00:00:00","FillPolicy":"FillOrKill"},"Type":"MarketClose","CloseByTicket":0},"Balance":21310.97,"Equity":21626.26755,"Margin":209.88191999999998,"FreeMargin":21416.38563,"Profit":315.29755}}


